{"cameraMode":{"drawMode":0,"name":"Shaded","section":"Shading Mode"},"sceneLighting":false,"audioPlay":false,"sceneViewState":{"m_AlwaysRefresh":false,"showFog":true,"showSkybox":false,"showFlares":true,"showImageEffects":true,"showParticleSystems":true,"showVisualEffectGraphs":true,"m_FxEnabled":true},"in2DMode":false,"pivot":{"x":-111.69632720947266,"y":1.7699999809265137,"z":126.1199951171875},"rotation":{"x":-0.09277992695569992,"y":-0.8588514924049377,"z":0.16775859892368318,"w":-0.47501346468925478},"size":6.538344860076904,"orthographic":true}