{"cameraMode":{"drawMode":0,"name":"Shaded","section":"Shading Mode"},"sceneLighting":false,"audioPlay":false,"sceneViewState":{"m_AlwaysRefresh":false,"showFog":true,"showSkybox":false,"showFlares":true,"showImageEffects":true,"showParticleSystems":true,"showVisualEffectGraphs":true,"m_FxEnabled":true},"in2DMode":false,"pivot":{"x":2.4980106353759767,"y":2.4773731231689455,"z":-25.795076370239259},"rotation":{"x":-0.09477341920137406,"y":-0.24003669619560243,"z":0.023549258708953859,"w":-0.9658546447753906},"size":6.125810623168945,"orthographic":false}