{"cameraMode":{"drawMode":0,"name":"Shaded","section":"Shading Mode"},"sceneLighting":false,"audioPlay":false,"sceneViewState":{"m_AlwaysRefresh":false,"showFog":true,"showSkybox":false,"showFlares":true,"showImageEffects":true,"showParticleSystems":true,"showVisualEffectGraphs":true,"m_FxEnabled":true},"in2DMode":false,"pivot":{"x":18.670602798461915,"y":-1.7557700872421265,"z":-13.171107292175293},"rotation":{"x":0.5412829518318176,"y":-0.45798155665397646,"z":0.4790690243244171,"w":0.5174572467803955},"size":2.2694344520568849,"orthographic":true}